--P,--R,--method,--metric,--blur,--ltp,--crop-seed,correct_matches,total,pct_correct,highest_correct,lowest_correct,highest_incorrect,lowest_incorrect,csv_file,results_json_file
8,1,uniform,chi2,0.0,False,1,33,75,44.0,0.00863252107170744,0.0002474182302171108,0.008123157356074016,0.0002759386809196321,exp_8_1_uniform_chi2_0.0_False_1.csv,exp_8_1_uniform_chi2_0.0_False_1_results.json
8,1,uniform,chi2,0.0,False,42,29,75,38.666666666666664,0.04351371090747841,0.0004465022285624677,0.02714021645811275,0.00045750261709131927,exp_8_1_uniform_chi2_0.0_False_42.csv,exp_8_1_uniform_chi2_0.0_False_42_results.json
8,1,uniform,chi2,0.0,False,35,33,75,44.0,0.006318162170603774,0.0003689943544031242,0.005957218629467049,0.00047579308171944075,exp_8_1_uniform_chi2_0.0_False_35.csv,exp_8_1_uniform_chi2_0.0_False_35_results.json
8,1,uniform,chi2,0.0,False,99,27,75,36.0,0.008383242803265552,0.0002890747580969254,0.004652069999262616,0.00027502152699819576,exp_8_1_uniform_chi2_0.0_False_99.csv,exp_8_1_uniform_chi2_0.0_False_99_results.json
8,1,uniform,chi2,0.0,False,123,32,75,42.666666666666664,0.028611197676918627,0.0005452682785697896,0.006805918787197123,0.00042049100224589807,exp_8_1_uniform_chi2_0.0_False_123.csv,exp_8_1_uniform_chi2_0.0_False_123_results.json
8,1,uniform,chi2,0.0,False,2024,32,75,42.666666666666664,0.008516517252875668,0.00045373901350025564,0.03251068918711356,0.00020828103508120782,exp_8_1_uniform_chi2_0.0_False_2024.csv,exp_8_1_uniform_chi2_0.0_False_2024_results.json
8,1,uniform,chi2,0.0,True,1,33,75,44.0,0.03578821669271578,0.008351617762822257,0.04782531335269084,0.00822535353825953,exp_8_1_uniform_chi2_0.0_True_1.csv,exp_8_1_uniform_chi2_0.0_True_1_results.json
8,1,uniform,chi2,0.0,True,42,36,75,48.0,0.027137001099583367,0.006998635980181545,0.08358328595047508,0.00882092357083098,exp_8_1_uniform_chi2_0.0_True_42.csv,exp_8_1_uniform_chi2_0.0_True_42_results.json
8,1,uniform,chi2,0.0,True,35,41,75,54.666666666666664,0.035113304052376164,0.006728321755530953,0.040598818001797946,0.00947546708577707,exp_8_1_uniform_chi2_0.0_True_35.csv,exp_8_1_uniform_chi2_0.0_True_35_results.json
8,1,uniform,chi2,0.0,True,99,31,75,41.333333333333336,0.02373818663015185,0.008363084740703509,0.06465748373677406,0.009702031757704377,exp_8_1_uniform_chi2_0.0_True_99.csv,exp_8_1_uniform_chi2_0.0_True_99_results.json
8,1,uniform,chi2,0.0,True,123,29,75,38.666666666666664,0.038184149363522234,0.004956478577991641,0.05300047945337196,0.007779896148620045,exp_8_1_uniform_chi2_0.0_True_123.csv,exp_8_1_uniform_chi2_0.0_True_123_results.json
8,1,uniform,chi2,0.0,True,2024,30,75,40.0,0.0304946077941202,0.007875927357510346,0.04647883165687327,0.007873561472764643,exp_8_1_uniform_chi2_0.0_True_2024.csv,exp_8_1_uniform_chi2_0.0_True_2024_results.json
8,1,uniform,chi2,0.5,False,1,22,75,29.333333333333332,0.00939132027462545,0.0005203406665382263,0.004450092939444108,0.0002594686295025777,exp_8_1_uniform_chi2_0.5_False_1.csv,exp_8_1_uniform_chi2_0.5_False_1_results.json
8,1,uniform,chi2,0.5,False,42,23,75,30.666666666666668,0.0033521494398423136,0.0003910638142752037,0.042579323013051756,0.0001899047780641878,exp_8_1_uniform_chi2_0.5_False_42.csv,exp_8_1_uniform_chi2_0.5_False_42_results.json
8,1,uniform,chi2,0.5,False,35,28,75,37.333333333333336,0.004040154065161794,0.0006514900902687492,0.0037368331698119954,0.00012060476311735907,exp_8_1_uniform_chi2_0.5_False_35.csv,exp_8_1_uniform_chi2_0.5_False_35_results.json
8,1,uniform,chi2,0.5,False,99,24,75,32.0,0.00709091514730841,0.0005223920759778723,0.0036523909603442726,0.0002932821330188994,exp_8_1_uniform_chi2_0.5_False_99.csv,exp_8_1_uniform_chi2_0.5_False_99_results.json
8,1,uniform,chi2,0.5,False,123,25,75,33.333333333333336,0.00881700489767178,0.00034191972923262865,0.00608863203975382,0.0003263250092758545,exp_8_1_uniform_chi2_0.5_False_123.csv,exp_8_1_uniform_chi2_0.5_False_123_results.json
8,1,uniform,chi2,0.5,False,2024,23,75,30.666666666666668,0.01928972943187717,0.000484736627361749,0.014239135270233284,0.00024782224531511027,exp_8_1_uniform_chi2_0.5_False_2024.csv,exp_8_1_uniform_chi2_0.5_False_2024_results.json
8,1,uniform,chi2,0.5,True,1,33,75,44.0,0.04628158291958507,0.009151988117512765,0.05354070358706505,0.009686356178604836,exp_8_1_uniform_chi2_0.5_True_1.csv,exp_8_1_uniform_chi2_0.5_True_1_results.json
8,1,uniform,chi2,0.5,True,42,35,75,46.666666666666664,0.029077654560723292,0.006315133981866627,0.08724119820844294,0.010417396689619284,exp_8_1_uniform_chi2_0.5_True_42.csv,exp_8_1_uniform_chi2_0.5_True_42_results.json
8,1,uniform,chi2,0.5,True,35,44,75,58.666666666666664,0.045147959463422455,0.008326631601822279,0.05091809146331141,0.011691691913243823,exp_8_1_uniform_chi2_0.5_True_35.csv,exp_8_1_uniform_chi2_0.5_True_35_results.json
8,1,uniform,chi2,0.5,True,99,31,75,41.333333333333336,0.02740533367137025,0.0074680920116647785,0.07440957055208222,0.010451452058755828,exp_8_1_uniform_chi2_0.5_True_99.csv,exp_8_1_uniform_chi2_0.5_True_99_results.json
8,1,uniform,chi2,0.5,True,123,31,75,41.333333333333336,0.03284668301721912,0.004644796275353917,0.05728666540593644,0.008613797823026051,exp_8_1_uniform_chi2_0.5_True_123.csv,exp_8_1_uniform_chi2_0.5_True_123_results.json
8,1,uniform,chi2,0.5,True,2024,28,75,37.333333333333336,0.044930253334478504,0.009923899908901176,0.04712512308365494,0.010320349303279826,exp_8_1_uniform_chi2_0.5_True_2024.csv,exp_8_1_uniform_chi2_0.5_True_2024_results.json
8,1,uniform,chi2,1.0,False,1,16,75,21.333333333333332,0.004156361097966141,0.0004450973132211655,0.009643705157915359,0.00015743122358044217,exp_8_1_uniform_chi2_1.0_False_1.csv,exp_8_1_uniform_chi2_1.0_False_1_results.json
8,1,uniform,chi2,1.0,False,42,30,75,40.0,0.024133423876794874,0.00022360542260092185,0.0025419455190856454,0.0001615812116552299,exp_8_1_uniform_chi2_1.0_False_42.csv,exp_8_1_uniform_chi2_1.0_False_42_results.json
8,1,uniform,chi2,1.0,False,35,25,75,33.333333333333336,0.004073889761445206,0.0006666231480699963,0.003136840251594254,0.00021167514783349732,exp_8_1_uniform_chi2_1.0_False_35.csv,exp_8_1_uniform_chi2_1.0_False_35_results.json
8,1,uniform,chi2,1.0,False,99,22,75,29.333333333333332,0.001817339881289325,0.0003195873725065052,0.0033874072045361027,0.00027583782500322515,exp_8_1_uniform_chi2_1.0_False_99.csv,exp_8_1_uniform_chi2_1.0_False_99_results.json
8,1,uniform,chi2,1.0,False,123,28,75,37.333333333333336,0.00768098208390009,0.0002293124149827456,0.003862764444613514,0.00019892973601135075,exp_8_1_uniform_chi2_1.0_False_123.csv,exp_8_1_uniform_chi2_1.0_False_123_results.json
8,1,uniform,chi2,1.0,False,2024,26,75,34.666666666666664,0.008681166259094866,0.00039753623741836837,0.007479717289439199,0.0002627404914406566,exp_8_1_uniform_chi2_1.0_False_2024.csv,exp_8_1_uniform_chi2_1.0_False_2024_results.json
8,1,uniform,chi2,1.0,True,1,35,75,46.666666666666664,0.04653456674780715,0.008202080399430876,0.0678265649315637,0.008158176490836158,exp_8_1_uniform_chi2_1.0_True_1.csv,exp_8_1_uniform_chi2_1.0_True_1_results.json
8,1,uniform,chi2,1.0,True,42,35,75,46.666666666666664,0.04347194836551857,0.004827549908701613,0.05398587418901829,0.0095732238911314,exp_8_1_uniform_chi2_1.0_True_42.csv,exp_8_1_uniform_chi2_1.0_True_42_results.json
8,1,uniform,chi2,1.0,True,35,47,75,62.666666666666664,0.050104289119043355,0.010325456148817866,0.05217153505772212,0.00950312403216636,exp_8_1_uniform_chi2_1.0_True_35.csv,exp_8_1_uniform_chi2_1.0_True_35_results.json
8,1,uniform,chi2,1.0,True,99,32,75,42.666666666666664,0.04350873976639803,0.008958374813121126,0.08221578868713968,0.013558381370604567,exp_8_1_uniform_chi2_1.0_True_99.csv,exp_8_1_uniform_chi2_1.0_True_99_results.json
8,1,uniform,chi2,1.0,True,123,33,75,44.0,0.04180605653824039,0.004441509212848659,0.06985842563049079,0.011024993595964809,exp_8_1_uniform_chi2_1.0_True_123.csv,exp_8_1_uniform_chi2_1.0_True_123_results.json
8,1,uniform,chi2,1.0,True,2024,28,75,37.333333333333336,0.03851542838639551,0.011672437713477259,0.08331593415231768,0.011268800488619163,exp_8_1_uniform_chi2_1.0_True_2024.csv,exp_8_1_uniform_chi2_1.0_True_2024_results.json
8,1,uniform,hellinger,0.0,False,1,33,75,44.0,0.06583887961612939,0.011123055725281123,0.06406099036394396,0.011747599767983532,exp_8_1_uniform_hellinger_0.0_False_1.csv,exp_8_1_uniform_hellinger_0.0_False_1_results.json
8,1,uniform,hellinger,0.0,False,42,29,75,38.666666666666664,0.14897130352286148,0.014943772799122984,0.11982461617282666,0.01512687939199116,exp_8_1_uniform_hellinger_0.0_False_42.csv,exp_8_1_uniform_hellinger_0.0_False_42_results.json
8,1,uniform,hellinger,0.0,False,35,33,75,44.0,0.05640692327116526,0.013584702139177049,0.05467653722102044,0.015426231110136236,exp_8_1_uniform_hellinger_0.0_False_35.csv,exp_8_1_uniform_hellinger_0.0_False_35_results.json
8,1,uniform,hellinger,0.0,False,99,27,75,36.0,0.06494126693912108,0.012023703466119405,0.04833390954233585,0.011728617345520699,exp_8_1_uniform_hellinger_0.0_False_99.csv,exp_8_1_uniform_hellinger_0.0_False_99_results.json
8,1,uniform,hellinger,0.0,False,123,31,75,41.333333333333336,0.12015848545166609,0.016513622425843963,0.05842402275293484,0.014504123845182668,exp_8_1_uniform_hellinger_0.0_False_123.csv,exp_8_1_uniform_hellinger_0.0_False_123_results.json
8,1,uniform,hellinger,0.0,False,2024,32,75,42.666666666666664,0.06538480854273764,0.015063530473853632,0.1300296950605281,0.010205688103362231,exp_8_1_uniform_hellinger_0.0_False_2024.csv,exp_8_1_uniform_hellinger_0.0_False_2024_results.json
8,1,uniform,hellinger,0.0,True,1,33,75,44.0,0.13661848418047223,0.0650967863645206,0.16481880653714534,0.0646562556413214,exp_8_1_uniform_hellinger_0.0_True_1.csv,exp_8_1_uniform_hellinger_0.0_True_1_results.json
8,1,uniform,hellinger,0.0,True,42,36,75,48.0,0.1184873864376687,0.059318750791416026,0.24943491012228347,0.06689335299540616,exp_8_1_uniform_hellinger_0.0_True_42.csv,exp_8_1_uniform_hellinger_0.0_True_42_results.json
8,1,uniform,hellinger,0.0,True,35,41,75,54.666666666666664,0.14953781858179996,0.058439858796340505,0.1448978094907338,0.06928660830322791,exp_8_1_uniform_hellinger_0.0_True_35.csv,exp_8_1_uniform_hellinger_0.0_True_35_results.json
8,1,uniform,hellinger,0.0,True,99,30,75,40.0,0.11293449048724127,0.06501956436974828,0.18828465068884703,0.07037051390389226,exp_8_1_uniform_hellinger_0.0_True_99.csv,exp_8_1_uniform_hellinger_0.0_True_99_results.json
8,1,uniform,hellinger,0.0,True,123,28,75,37.333333333333336,0.15343653819364073,0.05012687293525244,0.16945648963402324,0.06262073093893822,exp_8_1_uniform_hellinger_0.0_True_123.csv,exp_8_1_uniform_hellinger_0.0_True_123_results.json
8,1,uniform,hellinger,0.0,True,2024,31,75,41.333333333333336,0.1253714184973963,0.06292772447389024,0.1774602848790306,0.06515314031392279,exp_8_1_uniform_hellinger_0.0_True_2024.csv,exp_8_1_uniform_hellinger_0.0_True_2024_results.json
8,1,uniform,hellinger,0.5,False,1,22,75,29.333333333333332,0.06918945674551953,0.016131985493121486,0.04730754412236826,0.011390933504668205,exp_8_1_uniform_hellinger_0.5_False_1.csv,exp_8_1_uniform_hellinger_0.5_False_1_results.json
8,1,uniform,hellinger,0.5,False,42,23,75,30.666666666666668,0.0409868037771345,0.01398696375051011,0.15144090788114323,0.00974586945679137,exp_8_1_uniform_hellinger_0.5_False_42.csv,exp_8_1_uniform_hellinger_0.5_False_42_results.json
8,1,uniform,hellinger,0.5,False,35,28,75,37.333333333333336,0.045001618306719685,0.01805513283695019,0.04333473103328415,0.00776620867478369,exp_8_1_uniform_hellinger_0.5_False_35.csv,exp_8_1_uniform_hellinger_0.5_False_35_results.json
8,1,uniform,hellinger,0.5,False,99,24,75,32.0,0.059665837099722986,0.016173410035483213,0.042813740596490325,0.012110917729466486,exp_8_1_uniform_hellinger_0.5_False_99.csv,exp_8_1_uniform_hellinger_0.5_False_99_results.json
8,1,uniform,hellinger,0.5,False,123,25,75,33.333333333333336,0.06652709474189077,0.013078053948404323,0.05585208483836938,0.012774450018892852,exp_8_1_uniform_hellinger_0.5_False_123.csv,exp_8_1_uniform_hellinger_0.5_False_123_results.json
8,1,uniform,hellinger,0.5,False,2024,23,75,30.666666666666668,0.09871761055411948,0.015572674065413792,0.08511997361733659,0.011132940849569293,exp_8_1_uniform_hellinger_0.5_False_2024.csv,exp_8_1_uniform_hellinger_0.5_False_2024_results.json
8,1,uniform,hellinger,0.5,True,1,31,75,41.333333333333336,0.1574329305848003,0.06798252486991604,0.17631890183343532,0.07030759354028561,exp_8_1_uniform_hellinger_0.5_True_1.csv,exp_8_1_uniform_hellinger_0.5_True_1_results.json
8,1,uniform,hellinger,0.5,True,42,35,75,46.666666666666664,0.12389210641435652,0.056391278793553816,0.26936388498360647,0.07283424399932914,exp_8_1_uniform_hellinger_0.5_True_42.csv,exp_8_1_uniform_hellinger_0.5_True_42_results.json
8,1,uniform,hellinger,0.5,True,35,42,75,56.0,0.16296619463597614,0.06516871949645542,0.1644567881657979,0.07710007824566827,exp_8_1_uniform_hellinger_0.5_True_35.csv,exp_8_1_uniform_hellinger_0.5_True_35_results.json
8,1,uniform,hellinger,0.5,True,99,31,75,41.333333333333336,0.11962304892404609,0.061347667718265754,0.20884292485774222,0.07453578796782619,exp_8_1_uniform_hellinger_0.5_True_99.csv,exp_8_1_uniform_hellinger_0.5_True_99_results.json
8,1,uniform,hellinger,0.5,True,123,30,75,40.0,0.14166848492326767,0.048527211342448175,0.17797660069593502,0.06792979286804574,exp_8_1_uniform_hellinger_0.5_True_123.csv,exp_8_1_uniform_hellinger_0.5_True_123_results.json
8,1,uniform,hellinger,0.5,True,2024,27,75,36.0,0.15275908582828723,0.0707191548265577,0.1778308674053292,0.0734050458125824,exp_8_1_uniform_hellinger_0.5_True_2024.csv,exp_8_1_uniform_hellinger_0.5_True_2024_results.json
8,1,uniform,hellinger,1.0,False,1,16,75,21.333333333333332,0.045675747541277976,0.014919905776168895,0.07131260891345745,0.00887323753070756,exp_8_1_uniform_hellinger_1.0_False_1.csv,exp_8_1_uniform_hellinger_1.0_False_1_results.json
8,1,uniform,hellinger,1.0,False,42,30,75,40.0,0.11527078678348876,0.01057502746968192,0.035744021860468704,0.008989856350516233,exp_8_1_uniform_hellinger_1.0_False_42.csv,exp_8_1_uniform_hellinger_1.0_False_42_results.json
8,1,uniform,hellinger,1.0,False,35,25,75,33.333333333333336,0.0452041626906272,0.01827014276910845,0.039721787731248875,0.010289305893060275,exp_8_1_uniform_hellinger_1.0_False_35.csv,exp_8_1_uniform_hellinger_1.0_False_35_results.json
8,1,uniform,hellinger,1.0,False,99,22,75,29.333333333333332,0.03016962390108309,0.012642548990482338,0.0411983141510835,0.01174652943992741,exp_8_1_uniform_hellinger_1.0_False_99.csv,exp_8_1_uniform_hellinger_1.0_False_99_results.json
8,1,uniform,hellinger,1.0,False,123,28,75,37.333333333333336,0.06211913034323833,0.010708486398202289,0.04398506218619911,0.00997651132650194,exp_8_1_uniform_hellinger_1.0_False_123.csv,exp_8_1_uniform_hellinger_1.0_False_123_results.json
8,1,uniform,hellinger,1.0,False,2024,26,75,34.666666666666664,0.06650972306375358,0.014106916337784377,0.06138110536379934,0.011463107709820921,exp_8_1_uniform_hellinger_1.0_False_2024.csv,exp_8_1_uniform_hellinger_1.0_False_2024_results.json
8,1,uniform,hellinger,1.0,True,1,37,75,49.333333333333336,0.15728884205109173,0.06486989041444603,0.1909698032553216,0.06743961761789569,exp_8_1_uniform_hellinger_1.0_True_1.csv,exp_8_1_uniform_hellinger_1.0_True_1_results.json
8,1,uniform,hellinger,1.0,True,42,35,75,46.666666666666664,0.17819718755263722,0.0502247921897245,0.18301491845670356,0.07087103604193423,exp_8_1_uniform_hellinger_1.0_True_42.csv,exp_8_1_uniform_hellinger_1.0_True_42_results.json
8,1,uniform,hellinger,1.0,True,35,47,75,62.666666666666664,0.17606406840921654,0.07552664392857085,0.17170217045997996,0.0728834558548027,exp_8_1_uniform_hellinger_1.0_True_35.csv,exp_8_1_uniform_hellinger_1.0_True_35_results.json
8,1,uniform,hellinger,1.0,True,99,31,75,41.333333333333336,0.15611434913420702,0.06826861668390181,0.23730710423274184,0.08404550546905393,exp_8_1_uniform_hellinger_1.0_True_99.csv,exp_8_1_uniform_hellinger_1.0_True_99_results.json
8,1,uniform,hellinger,1.0,True,123,33,75,44.0,0.14952203552365545,0.047810093348391994,0.20409150391285974,0.07703169483467205,exp_8_1_uniform_hellinger_1.0_True_123.csv,exp_8_1_uniform_hellinger_1.0_True_123_results.json
8,1,uniform,hellinger,1.0,True,2024,29,75,38.666666666666664,0.1408784206173851,0.07874685497030257,0.21689700131274695,0.07658228845054484,exp_8_1_uniform_hellinger_1.0_True_2024.csv,exp_8_1_uniform_hellinger_1.0_True_2024_results.json
8,1,uniform,cosine,0.0,False,1,31,75,41.333333333333336,0.01931888874137666,0.0003144542913467996,0.009087447756344624,0.00026531267643359335,exp_8_1_uniform_cosine_0.0_False_1.csv,exp_8_1_uniform_cosine_0.0_False_1_results.json
8,1,uniform,cosine,0.0,False,42,27,75,36.0,0.005147280706295998,0.0006032074427603229,0.06633538866282318,0.0005725950735308016,exp_8_1_uniform_cosine_0.0_False_42.csv,exp_8_1_uniform_cosine_0.0_False_42_results.json
8,1,uniform,cosine,0.0,False,35,32,75,42.666666666666664,0.01023671420314698,0.00047706380804335424,0.009525344613001807,0.000520766613306578,exp_8_1_uniform_cosine_0.0_False_35.csv,exp_8_1_uniform_cosine_0.0_False_35_results.json
8,1,uniform,cosine,0.0,False,99,25,75,33.333333333333336,0.009194991938332842,0.0004465305947882747,0.006563936536928328,0.00020285899546290675,exp_8_1_uniform_cosine_0.0_False_99.csv,exp_8_1_uniform_cosine_0.0_False_99_results.json
8,1,uniform,cosine,0.0,False,123,34,75,45.333333333333336,0.05523998484110537,0.0006880696972560996,0.012671966611832008,0.00027334876645890294,exp_8_1_uniform_cosine_0.0_False_123.csv,exp_8_1_uniform_cosine_0.0_False_123_results.json
8,1,uniform,cosine,0.0,False,2024,33,75,44.0,0.01844656869581307,0.0005593537280718097,0.028510949344726533,0.000265273869286653,exp_8_1_uniform_cosine_0.0_False_2024.csv,exp_8_1_uniform_cosine_0.0_False_2024_results.json
8,1,uniform,cosine,0.0,True,1,33,75,44.0,0.04967542238579814,0.0005512888211653966,0.04787839786945691,0.00014231701964684262,exp_8_1_uniform_cosine_0.0_True_1.csv,exp_8_1_uniform_cosine_0.0_True_1_results.json
8,1,uniform,cosine,0.0,True,42,35,75,46.666666666666664,0.029003125182858414,0.00048282176943348354,0.034239608289631907,0.00063300357409668,exp_8_1_uniform_cosine_0.0_True_42.csv,exp_8_1_uniform_cosine_0.0_True_42_results.json
8,1,uniform,cosine,0.0,True,35,45,75,60.0,0.039373930869999185,0.0005173379347747087,0.02473499389546474,0.0009635731204151732,exp_8_1_uniform_cosine_0.0_True_35.csv,exp_8_1_uniform_cosine_0.0_True_35_results.json
8,1,uniform,cosine,0.0,True,99,28,75,37.333333333333336,0.05341565679550597,0.00022413154811207203,0.031933001486010415,0.00022766540273999603,exp_8_1_uniform_cosine_0.0_True_99.csv,exp_8_1_uniform_cosine_0.0_True_99_results.json
8,1,uniform,cosine,0.0,True,123,34,75,45.333333333333336,0.035592070410740084,0.0005238742338380398,0.024986145131238646,0.0005071789575640251,exp_8_1_uniform_cosine_0.0_True_123.csv,exp_8_1_uniform_cosine_0.0_True_123_results.json
8,1,uniform,cosine,0.0,True,2024,28,75,37.333333333333336,0.053957657983092266,0.000604164414766073,0.03484194047088829,0.00023501067486797478,exp_8_1_uniform_cosine_0.0_True_2024.csv,exp_8_1_uniform_cosine_0.0_True_2024_results.json
8,1,uniform,cosine,0.5,False,1,24,75,32.0,0.00739299620775935,0.00026357342541094564,0.003737267812427114,0.00031179494855826384,exp_8_1_uniform_cosine_0.5_False_1.csv,exp_8_1_uniform_cosine_0.5_False_1_results.json
8,1,uniform,cosine,0.5,False,42,29,75,38.666666666666664,0.0035843602065900315,0.00032171208661246897,0.038983970045851524,0.00013382393473915233,exp_8_1_uniform_cosine_0.5_False_42.csv,exp_8_1_uniform_cosine_0.5_False_42_results.json
8,1,uniform,cosine,0.5,False,35,26,75,34.666666666666664,0.006498594460121687,0.0005139188854944576,0.00636298150297232,0.00014026611985129556,exp_8_1_uniform_cosine_0.5_False_35.csv,exp_8_1_uniform_cosine_0.5_False_35_results.json
8,1,uniform,cosine,0.5,False,99,23,75,30.666666666666668,0.009305499052261523,0.0003365355232094469,0.0038308260674539962,0.00028519438078888903,exp_8_1_uniform_cosine_0.5_False_99.csv,exp_8_1_uniform_cosine_0.5_False_99_results.json
8,1,uniform,cosine,0.5,False,123,24,75,32.0,0.018496061560748345,0.0002515095770286857,0.007387766549794894,0.0002422207077537042,exp_8_1_uniform_cosine_0.5_False_123.csv,exp_8_1_uniform_cosine_0.5_False_123_results.json
8,1,uniform,cosine,0.5,False,2024,22,75,29.333333333333332,0.010914605322967286,0.0004269971185858479,0.01551779114182883,0.00013144393039687952,exp_8_1_uniform_cosine_0.5_False_2024.csv,exp_8_1_uniform_cosine_0.5_False_2024_results.json
8,1,uniform,cosine,0.5,True,1,35,75,46.666666666666664,0.0680851601156246,0.00041750845379062707,0.0435539828771353,0.00011987276303160321,exp_8_1_uniform_cosine_0.5_True_1.csv,exp_8_1_uniform_cosine_0.5_True_1_results.json
8,1,uniform,cosine,0.5,True,42,36,75,48.0,0.031603677568363575,0.0005156318997011633,0.032998617988611034,0.000420231229182888,exp_8_1_uniform_cosine_0.5_True_42.csv,exp_8_1_uniform_cosine_0.5_True_42_results.json
8,1,uniform,cosine,0.5,True,35,47,75,62.666666666666664,0.03622637066688461,0.0003578937875973187,0.023789914193228512,0.000937980613512468,exp_8_1_uniform_cosine_0.5_True_35.csv,exp_8_1_uniform_cosine_0.5_True_35_results.json
8,1,uniform,cosine,0.5,True,99,28,75,37.333333333333336,0.05357444711691206,0.00012928923858013253,0.029876978834438406,0.00018318220134683205,exp_8_1_uniform_cosine_0.5_True_99.csv,exp_8_1_uniform_cosine_0.5_True_99_results.json
8,1,uniform,cosine,0.5,True,123,31,75,41.333333333333336,0.038859339670999415,0.0004575301212504934,0.0258757785681214,0.0002800625711435467,exp_8_1_uniform_cosine_0.5_True_123.csv,exp_8_1_uniform_cosine_0.5_True_123_results.json
8,1,uniform,cosine,0.5,True,2024,30,75,40.0,0.04565083552159832,0.0005010354271003381,0.06990726184851215,0.0001425876989643582,exp_8_1_uniform_cosine_0.5_True_2024.csv,exp_8_1_uniform_cosine_0.5_True_2024_results.json
8,1,uniform,cosine,1.0,False,1,17,75,22.666666666666668,0.0031087446598044854,0.00036460537867433196,0.002197850371993937,7.740291956614964e-05,exp_8_1_uniform_cosine_1.0_False_1.csv,exp_8_1_uniform_cosine_1.0_False_1_results.json
8,1,uniform,cosine,1.0,False,42,25,75,33.333333333333336,0.0015148469214191218,0.000129902128997883,0.0074779154885955545,6.396070838465828e-05,exp_8_1_uniform_cosine_1.0_False_42.csv,exp_8_1_uniform_cosine_1.0_False_42_results.json
8,1,uniform,cosine,1.0,False,35,27,75,36.0,0.00509491205426349,0.000250632459203759,0.0013468958184885693,7.582582418252937e-05,exp_8_1_uniform_cosine_1.0_False_35.csv,exp_8_1_uniform_cosine_1.0_False_35_results.json
8,1,uniform,cosine,1.0,False,99,27,75,36.0,0.0016445364654947836,0.0002222204627301272,0.004475393677216388,9.166945910232815e-05,exp_8_1_uniform_cosine_1.0_False_99.csv,exp_8_1_uniform_cosine_1.0_False_99_results.json
8,1,uniform,cosine,1.0,False,123,24,75,32.0,0.005779011042378213,0.00010558854663844652,0.0048181104453639545,4.9034337836428854e-05,exp_8_1_uniform_cosine_1.0_False_123.csv,exp_8_1_uniform_cosine_1.0_False_123_results.json
8,1,uniform,cosine,1.0,False,2024,27,75,36.0,0.005264654363813959,0.00014852016188371397,0.0065401648026950365,8.46945383157216e-05,exp_8_1_uniform_cosine_1.0_False_2024.csv,exp_8_1_uniform_cosine_1.0_False_2024_results.json
8,1,uniform,cosine,1.0,True,1,36,75,48.0,0.03880656990257392,0.0004443362527253303,0.09782215449991438,5.2446568618580436e-05,exp_8_1_uniform_cosine_1.0_True_1.csv,exp_8_1_uniform_cosine_1.0_True_1_results.json
8,1,uniform,cosine,1.0,True,42,37,75,49.333333333333336,0.04741189367067544,0.00017742941656462285,0.028527974711178405,0.00027724081437330295,exp_8_1_uniform_cosine_1.0_True_42.csv,exp_8_1_uniform_cosine_1.0_True_42_results.json
8,1,uniform,cosine,1.0,True,35,45,75,60.0,0.05386936861429137,0.0002787745612072845,0.029107987617675968,0.000432024670006137,exp_8_1_uniform_cosine_1.0_True_35.csv,exp_8_1_uniform_cosine_1.0_True_35_results.json
8,1,uniform,cosine,1.0,True,99,27,75,36.0,0.055780098435456504,2.7888962267463846e-05,0.04123092843197029,0.00010863470141819764,exp_8_1_uniform_cosine_1.0_True_99.csv,exp_8_1_uniform_cosine_1.0_True_99_results.json
8,1,uniform,cosine,1.0,True,123,30,75,40.0,0.04308156426316634,0.000120768870583432,0.04818587388546991,0.00014882252845438426,exp_8_1_uniform_cosine_1.0_True_123.csv,exp_8_1_uniform_cosine_1.0_True_123_results.json
8,1,uniform,cosine,1.0,True,2024,23,75,30.666666666666668,0.04354277359771608,0.00030212099335191756,0.07547391905659195,0.0001268802076700437,exp_8_1_uniform_cosine_1.0_True_2024.csv,exp_8_1_uniform_cosine_1.0_True_2024_results.json
8,1,ror,chi2,0.0,False,1,30,75,40.0,0.013122243360157135,0.0026088441246960186,0.01283872263494304,0.002353692226317071,exp_8_1_ror_chi2_0.0_False_1.csv,exp_8_1_ror_chi2_0.0_False_1_results.json
8,1,ror,chi2,0.0,False,42,29,75,38.666666666666664,0.04938660615660975,0.0029697419815044425,0.03074369048403287,0.0024629990755384787,exp_8_1_ror_chi2_0.0_False_42.csv,exp_8_1_ror_chi2_0.0_False_42_results.json
8,1,ror,chi2,0.0,False,35,33,75,44.0,0.012871117107621177,0.0020736457098711547,0.009798626508910068,0.0028157454220670143,exp_8_1_ror_chi2_0.0_False_35.csv,exp_8_1_ror_chi2_0.0_False_35_results.json
8,1,ror,chi2,0.0,False,99,30,75,40.0,0.010326674312487327,0.002615512606359744,0.009342085099970676,0.002240855711601866,exp_8_1_ror_chi2_0.0_False_99.csv,exp_8_1_ror_chi2_0.0_False_99_results.json
8,1,ror,chi2,0.0,False,123,30,75,40.0,0.0320211599741302,0.002345257961501076,0.012118021172943274,0.002542794713560023,exp_8_1_ror_chi2_0.0_False_123.csv,exp_8_1_ror_chi2_0.0_False_123_results.json
8,1,ror,chi2,0.0,False,2024,32,75,42.666666666666664,0.014019692893362691,0.0016468365291422995,0.03830745128234144,0.001896928809175189,exp_8_1_ror_chi2_0.0_False_2024.csv,exp_8_1_ror_chi2_0.0_False_2024_results.json
8,1,ror,chi2,0.0,True,1,36,75,48.0,0.02989503126957236,0.0037807287444349812,0.018565591162661425,0.003950002754701156,exp_8_1_ror_chi2_0.0_True_1.csv,exp_8_1_ror_chi2_0.0_True_1_results.json
8,1,ror,chi2,0.0,True,42,43,75,57.333333333333336,0.018206529233257763,0.0028631306029472843,0.07920501078890546,0.003739015757760208,exp_8_1_ror_chi2_0.0_True_42.csv,exp_8_1_ror_chi2_0.0_True_42_results.json
8,1,ror,chi2,0.0,True,35,40,75,53.333333333333336,0.01562323046945328,0.0030411790099621368,0.012966974994002772,0.0033832890638136343,exp_8_1_ror_chi2_0.0_True_35.csv,exp_8_1_ror_chi2_0.0_True_35_results.json
8,1,ror,chi2,0.0,True,99,28,75,37.333333333333336,0.01759395768570126,0.0047527964838419935,0.017950744032844287,0.0039888118597687814,exp_8_1_ror_chi2_0.0_True_99.csv,exp_8_1_ror_chi2_0.0_True_99_results.json
8,1,ror,chi2,0.0,True,123,34,75,45.333333333333336,0.018314080664409402,0.003118522355333473,0.017084842036749735,0.0032179685886262483,exp_8_1_ror_chi2_0.0_True_123.csv,exp_8_1_ror_chi2_0.0_True_123_results.json
8,1,ror,chi2,0.0,True,2024,31,75,41.333333333333336,0.024624101792804748,0.0041095848532871565,0.038863756949190816,0.0028455093060037913,exp_8_1_ror_chi2_0.0_True_2024.csv,exp_8_1_ror_chi2_0.0_True_2024_results.json
8,1,ror,chi2,0.5,False,1,19,75,25.333333333333332,0.015490369145197334,0.0022282762663061186,0.006249676618116026,0.0018567306609640099,exp_8_1_ror_chi2_0.5_False_1.csv,exp_8_1_ror_chi2_0.5_False_1_results.json
8,1,ror,chi2,0.5,False,42,25,75,33.333333333333336,0.006264466646482141,0.002329809679730131,0.04744988581325313,0.0016145043914837555,exp_8_1_ror_chi2_0.5_False_42.csv,exp_8_1_ror_chi2_0.5_False_42_results.json
8,1,ror,chi2,0.5,False,35,30,75,40.0,0.009153000174296698,0.001819355889790715,0.007516951307556861,0.0016080978458151624,exp_8_1_ror_chi2_0.5_False_35.csv,exp_8_1_ror_chi2_0.5_False_35_results.json
8,1,ror,chi2,0.5,False,99,26,75,34.666666666666664,0.010939596712004122,0.0021481638180978627,0.010313138946723867,0.0015881880039473814,exp_8_1_ror_chi2_0.5_False_99.csv,exp_8_1_ror_chi2_0.5_False_99_results.json
8,1,ror,chi2,0.5,False,123,23,75,30.666666666666668,0.011143482905428694,0.002233387726517969,0.009410419928144419,0.002391078557319883,exp_8_1_ror_chi2_0.5_False_123.csv,exp_8_1_ror_chi2_0.5_False_123_results.json
8,1,ror,chi2,0.5,False,2024,28,75,37.333333333333336,0.023466047616607977,0.0025747207910671714,0.019459861066510046,0.0011162507961052703,exp_8_1_ror_chi2_0.5_False_2024.csv,exp_8_1_ror_chi2_0.5_False_2024_results.json
8,1,ror,chi2,0.5,True,1,36,75,48.0,0.03982655964714897,0.003239747097612051,0.015215537236008636,0.0032526061934779814,exp_8_1_ror_chi2_0.5_True_1.csv,exp_8_1_ror_chi2_0.5_True_1_results.json
8,1,ror,chi2,0.5,True,42,44,75,58.666666666666664,0.017306150875661806,0.00330271844070402,0.08273988436040841,0.0040229667934192186,exp_8_1_ror_chi2_0.5_True_42.csv,exp_8_1_ror_chi2_0.5_True_42_results.json
8,1,ror,chi2,0.5,True,35,41,75,54.666666666666664,0.016149510602530438,0.004089627179921618,0.01239521811357795,0.0034305141853571723,exp_8_1_ror_chi2_0.5_True_35.csv,exp_8_1_ror_chi2_0.5_True_35_results.json
8,1,ror,chi2,0.5,True,99,25,75,33.333333333333336,0.01764338982910898,0.003855293384601337,0.016985505353030877,0.003277927124313992,exp_8_1_ror_chi2_0.5_True_99.csv,exp_8_1_ror_chi2_0.5_True_99_results.json
8,1,ror,chi2,0.5,True,123,37,75,49.333333333333336,0.016821724746999746,0.003216678380468409,0.016998662641551206,0.0030769234650949704,exp_8_1_ror_chi2_0.5_True_123.csv,exp_8_1_ror_chi2_0.5_True_123_results.json
8,1,ror,chi2,0.5,True,2024,34,75,45.333333333333336,0.03579419463868454,0.004434817104092829,0.03529379641503835,0.0028415947775729936,exp_8_1_ror_chi2_0.5_True_2024.csv,exp_8_1_ror_chi2_0.5_True_2024_results.json
8,1,ror,chi2,1.0,False,1,15,75,20.0,0.019775475363580458,0.002737528031832892,0.006250415492468424,0.0013787327837861548,exp_8_1_ror_chi2_1.0_False_1.csv,exp_8_1_ror_chi2_1.0_False_1_results.json
8,1,ror,chi2,1.0,False,42,28,75,37.333333333333336,0.02553057750587412,0.0014608067974171753,0.00840245754299376,0.0017400641821215738,exp_8_1_ror_chi2_1.0_False_42.csv,exp_8_1_ror_chi2_1.0_False_42_results.json
8,1,ror,chi2,1.0,False,35,27,75,36.0,0.010740468003887756,0.00188961509804649,0.007984446081037022,0.001816891611977395,exp_8_1_ror_chi2_1.0_False_35.csv,exp_8_1_ror_chi2_1.0_False_35_results.json
8,1,ror,chi2,1.0,False,99,25,75,33.333333333333336,0.009461240211544686,0.0018063028471426235,0.007049123158327272,0.0016361108510822054,exp_8_1_ror_chi2_1.0_False_99.csv,exp_8_1_ror_chi2_1.0_False_99_results.json
8,1,ror,chi2,1.0,False,123,27,75,36.0,0.010094622980260004,0.001880768075507948,0.006849875000262771,0.0017016572251279357,exp_8_1_ror_chi2_1.0_False_123.csv,exp_8_1_ror_chi2_1.0_False_123_results.json
8,1,ror,chi2,1.0,False,2024,20,75,26.666666666666668,0.012334627291946603,0.002062826768314563,0.011569550494851309,0.001071913854527217,exp_8_1_ror_chi2_1.0_False_2024.csv,exp_8_1_ror_chi2_1.0_False_2024_results.json
8,1,ror,chi2,1.0,True,1,42,75,56.0,0.022919531724430373,0.0032721344241520398,0.03793923503391407,0.0021665721242483966,exp_8_1_ror_chi2_1.0_True_1.csv,exp_8_1_ror_chi2_1.0_True_1_results.json
8,1,ror,chi2,1.0,True,42,38,75,50.666666666666664,0.032258196217895156,0.0010961283093526076,0.018682515129211208,0.0028822152552204555,exp_8_1_ror_chi2_1.0_True_42.csv,exp_8_1_ror_chi2_1.0_True_42_results.json
8,1,ror,chi2,1.0,True,35,47,75,62.666666666666664,0.020597589149450243,0.0009666429711712549,0.01251973615840306,0.0025371594412323013,exp_8_1_ror_chi2_1.0_True_35.csv,exp_8_1_ror_chi2_1.0_True_35_results.json
8,1,ror,chi2,1.0,True,99,31,75,41.333333333333336,0.016108629651192745,0.004206033042635303,0.01503962078820662,0.0020971436127200788,exp_8_1_ror_chi2_1.0_True_99.csv,exp_8_1_ror_chi2_1.0_True_99_results.json
8,1,ror,chi2,1.0,True,123,40,75,53.333333333333336,0.013957828980328177,0.0006984920442034803,0.04209984248922047,0.0014544318121204143,exp_8_1_ror_chi2_1.0_True_123.csv,exp_8_1_ror_chi2_1.0_True_123_results.json
8,1,ror,chi2,1.0,True,2024,31,75,41.333333333333336,0.030684081981871635,0.0036846943905893435,0.07066216122578811,0.0009323087093163532,exp_8_1_ror_chi2_1.0_True_2024.csv,exp_8_1_ror_chi2_1.0_True_2024_results.json
8,1,ror,hellinger,0.0,False,1,29,75,38.666666666666664,0.08739409976196663,0.038608930749536995,0.08409133719647448,0.03627270142794517,exp_8_1_ror_hellinger_0.0_False_1.csv,exp_8_1_ror_hellinger_0.0_False_1_results.json
8,1,ror,hellinger,0.0,False,42,29,75,38.666666666666664,0.16186042813816715,0.04022367351701454,0.1307752031060292,0.03710272428773638,exp_8_1_ror_hellinger_0.0_False_42.csv,exp_8_1_ror_hellinger_0.0_False_42_results.json
8,1,ror,hellinger,0.0,False,35,33,75,44.0,0.08602919809294993,0.033275646725583634,0.0743860734277975,0.03997805081383026,exp_8_1_ror_hellinger_0.0_False_35.csv,exp_8_1_ror_hellinger_0.0_False_35_results.json
8,1,ror,hellinger,0.0,False,99,29,75,38.666666666666664,0.07294049008668504,0.038275949386417284,0.07062053130559277,0.03620125881054728,exp_8_1_ror_hellinger_0.0_False_99.csv,exp_8_1_ror_hellinger_0.0_False_99_results.json
8,1,ror,hellinger,0.0,False,123,29,75,38.666666666666664,0.12905472260038586,0.03691528729903046,0.08127040342264254,0.037789607164660656,exp_8_1_ror_hellinger_0.0_False_123.csv,exp_8_1_ror_hellinger_0.0_False_123_results.json
8,1,ror,hellinger,0.0,False,2024,31,75,41.333333333333336,0.08657167270441285,0.03184385780920883,0.14737454326598773,0.03278789787615475,exp_8_1_ror_hellinger_0.0_False_2024.csv,exp_8_1_ror_hellinger_0.0_False_2024_results.json
8,1,ror,hellinger,0.0,True,1,36,75,48.0,0.12525456109726002,0.04545149508852417,0.10538621010758424,0.04593220450853687,exp_8_1_ror_hellinger_0.0_True_1.csv,exp_8_1_ror_hellinger_0.0_True_1_results.json
8,1,ror,hellinger,0.0,True,42,43,75,57.333333333333336,0.09789899326470931,0.047016008374348814,0.2261282087836164,0.04640311327390766,exp_8_1_ror_hellinger_0.0_True_42.csv,exp_8_1_ror_hellinger_0.0_True_42_results.json
8,1,ror,hellinger,0.0,True,35,41,75,54.666666666666664,0.09116382007033867,0.04123690597162663,0.0895195091779668,0.044291212674164256,exp_8_1_ror_hellinger_0.0_True_35.csv,exp_8_1_ror_hellinger_0.0_True_35_results.json
8,1,ror,hellinger,0.0,True,99,27,75,36.0,0.09598841858367635,0.05181000303115357,0.09866986130510741,0.04763617487246865,exp_8_1_ror_hellinger_0.0_True_99.csv,exp_8_1_ror_hellinger_0.0_True_99_results.json
8,1,ror,hellinger,0.0,True,123,37,75,49.333333333333336,0.10021108155181965,0.04378535372293128,0.09384290775482401,0.04383574386880132,exp_8_1_ror_hellinger_0.0_True_123.csv,exp_8_1_ror_hellinger_0.0_True_123_results.json
8,1,ror,hellinger,0.0,True,2024,32,75,42.666666666666664,0.11414974795206426,0.047357023740528394,0.15508192643457006,0.04299957792539649,exp_8_1_ror_hellinger_0.0_True_2024.csv,exp_8_1_ror_hellinger_0.0_True_2024_results.json
8,1,ror,hellinger,0.5,False,1,18,75,24.0,0.09174307767621352,0.0352401406769292,0.05791966419743044,0.031172293972761535,exp_8_1_ror_hellinger_0.5_False_1.csv,exp_8_1_ror_hellinger_0.5_False_1_results.json
8,1,ror,hellinger,0.5,False,42,24,75,32.0,0.057238430968664114,0.03611220104194861,0.1623724044281256,0.03061727739149932,exp_8_1_ror_hellinger_0.5_False_42.csv,exp_8_1_ror_hellinger_0.5_False_42_results.json
8,1,ror,hellinger,0.5,False,35,33,75,44.0,0.06939689620837067,0.031196472665229173,0.05441205015732214,0.029489102697769737,exp_8_1_ror_hellinger_0.5_False_35.csv,exp_8_1_ror_hellinger_0.5_False_35_results.json
8,1,ror,hellinger,0.5,False,99,25,75,33.333333333333336,0.07668678284639152,0.03291562034296163,0.07427130945318605,0.028366573689108804,exp_8_1_ror_hellinger_0.5_False_99.csv,exp_8_1_ror_hellinger_0.5_False_99_results.json
8,1,ror,hellinger,0.5,False,123,23,75,30.666666666666668,0.07596512462815576,0.03389240413238929,0.07084530610536162,0.03531294629553987,exp_8_1_ror_hellinger_0.5_False_123.csv,exp_8_1_ror_hellinger_0.5_False_123_results.json
8,1,ror,hellinger,0.5,False,2024,27,75,36.0,0.11183081544281388,0.03738644760009807,0.10601453777728212,0.025410663963792504,exp_8_1_ror_hellinger_0.5_False_2024.csv,exp_8_1_ror_hellinger_0.5_False_2024_results.json
8,1,ror,hellinger,0.5,True,1,36,75,48.0,0.14524502236470288,0.04288228762775872,0.09191246859904006,0.04690327448509905,exp_8_1_ror_hellinger_0.5_True_1.csv,exp_8_1_ror_hellinger_0.5_True_1_results.json
8,1,ror,hellinger,0.5,True,42,44,75,58.666666666666664,0.09780058863903938,0.043251897559043115,0.24092848739666925,0.05006265248245164,exp_8_1_ror_hellinger_0.5_True_42.csv,exp_8_1_ror_hellinger_0.5_True_42_results.json
8,1,ror,hellinger,0.5,True,35,41,75,54.666666666666664,0.09597037387809927,0.05108244050065208,0.0857701462077854,0.04536784923682128,exp_8_1_ror_hellinger_0.5_True_35.csv,exp_8_1_ror_hellinger_0.5_True_35_results.json
8,1,ror,hellinger,0.5,True,99,28,75,37.333333333333336,0.09692042633189063,0.05006520421685541,0.09613847732334292,0.044174720649705845,exp_8_1_ror_hellinger_0.5_True_99.csv,exp_8_1_ror_hellinger_0.5_True_99_results.json
8,1,ror,hellinger,0.5,True,123,39,75,52.0,0.09669135758125402,0.04277420310517859,0.10036334547147376,0.047061112191469,exp_8_1_ror_hellinger_0.5_True_123.csv,exp_8_1_ror_hellinger_0.5_True_123_results.json
8,1,ror,hellinger,0.5,True,2024,33,75,44.0,0.13661023046104784,0.0525304856471755,0.15474429818837118,0.04167589722928658,exp_8_1_ror_hellinger_0.5_True_2024.csv,exp_8_1_ror_hellinger_0.5_True_2024_results.json
8,1,ror,hellinger,1.0,False,1,15,75,20.0,0.11169984849046725,0.03750038205255458,0.0861482637404334,0.026674698622765645,exp_8_1_ror_hellinger_1.0_False_1.csv,exp_8_1_ror_hellinger_1.0_False_1_results.json
8,1,ror,hellinger,1.0,False,42,28,75,37.333333333333336,0.11865117346452578,0.02710331463397546,0.06550681731935994,0.03028495667430115,exp_8_1_ror_hellinger_1.0_False_42.csv,exp_8_1_ror_hellinger_1.0_False_42_results.json
8,1,ror,hellinger,1.0,False,35,28,75,37.333333333333336,0.07809500377262614,0.031043231544142867,0.06380975643166133,0.030881680648790825,exp_8_1_ror_hellinger_1.0_False_35.csv,exp_8_1_ror_hellinger_1.0_False_35_results.json
8,1,ror,hellinger,1.0,False,99,25,75,33.333333333333336,0.07264124174720539,0.030713486936226164,0.06075885173154168,0.029064643913419275,exp_8_1_ror_hellinger_1.0_False_99.csv,exp_8_1_ror_hellinger_1.0_False_99_results.json
8,1,ror,hellinger,1.0,False,123,29,75,38.666666666666664,0.07254778855838735,0.031202955261470718,0.0682429684700312,0.029438011628438097,exp_8_1_ror_hellinger_1.0_False_123.csv,exp_8_1_ror_hellinger_1.0_False_123_results.json
8,1,ror,hellinger,1.0,False,2024,19,75,25.333333333333332,0.08698742930208034,0.03256689184275473,0.07707957894636315,0.023310069553975205,exp_8_1_ror_hellinger_1.0_False_2024.csv,exp_8_1_ror_hellinger_1.0_False_2024_results.json
8,1,ror,hellinger,1.0,True,1,42,75,56.0,0.11469539762313188,0.049184540728696935,0.14520323298006746,0.039065833869156574,exp_8_1_ror_hellinger_1.0_True_1.csv,exp_8_1_ror_hellinger_1.0_True_1_results.json
8,1,ror,hellinger,1.0,True,42,39,75,52.0,0.1781971862875365,0.024747773171155042,0.09933869595984463,0.04493564266121067,exp_8_1_ror_hellinger_1.0_True_42.csv,exp_8_1_ror_hellinger_1.0_True_42_results.json
8,1,ror,hellinger,1.0,True,35,46,75,61.333333333333336,0.10633066528583465,0.024388005216047736,0.08824580891120065,0.04014686575002592,exp_8_1_ror_hellinger_1.0_True_35.csv,exp_8_1_ror_hellinger_1.0_True_35_results.json
8,1,ror,hellinger,1.0,True,99,32,75,42.666666666666664,0.09481665593637661,0.052533777126588736,0.09577398207694597,0.03559878722935197,exp_8_1_ror_hellinger_1.0_True_99.csv,exp_8_1_ror_hellinger_1.0_True_99_results.json
8,1,ror,hellinger,1.0,True,123,39,75,52.0,0.09127395263127755,0.018724336875660972,0.14945936620119818,0.029288599993099268,exp_8_1_ror_hellinger_1.0_True_123.csv,exp_8_1_ror_hellinger_1.0_True_123_results.json
8,1,ror,hellinger,1.0,True,2024,32,75,42.666666666666664,0.19722311094900424,0.04782628410527722,0.16097658279920715,0.025505672922511408,exp_8_1_ror_hellinger_1.0_True_2024.csv,exp_8_1_ror_hellinger_1.0_True_2024_results.json
8,1,ror,cosine,0.0,False,1,32,75,42.666666666666664,0.019177172262423547,0.0003065971735864981,0.008687432023632424,0.00044099081763315784,exp_8_1_ror_cosine_0.0_False_1.csv,exp_8_1_ror_cosine_0.0_False_1_results.json
8,1,ror,cosine,0.0,False,42,28,75,37.333333333333336,0.00530431917285068,0.000691605155772157,0.06687117153105004,0.0006246335422376292,exp_8_1_ror_cosine_0.0_False_42.csv,exp_8_1_ror_cosine_0.0_False_42_results.json
8,1,ror,cosine,0.0,False,35,32,75,42.666666666666664,0.010589816981961486,0.000536633067277914,0.008026692300967198,0.0004905201624000322,exp_8_1_ror_cosine_0.0_False_35.csv,exp_8_1_ror_cosine_0.0_False_35_results.json
8,1,ror,cosine,0.0,False,99,27,75,36.0,0.007720989305556536,0.0005317929338573002,0.006918074914694428,0.00023723815082510313,exp_8_1_ror_cosine_0.0_False_99.csv,exp_8_1_ror_cosine_0.0_False_99_results.json
8,1,ror,cosine,0.0,False,123,32,75,42.666666666666664,0.055340850932715346,0.0005953418945027211,0.0108126622917879,0.0003221769416461573,exp_8_1_ror_cosine_0.0_False_123.csv,exp_8_1_ror_cosine_0.0_False_123_results.json
8,1,ror,cosine,0.0,False,2024,34,75,45.333333333333336,0.018935866720438788,0.0004826715014389915,0.02782752499927943,0.0003469484017744051,exp_8_1_ror_cosine_0.0_False_2024.csv,exp_8_1_ror_cosine_0.0_False_2024_results.json
8,1,ror,cosine,0.0,True,1,33,75,44.0,0.029887245121602235,0.00018329311652209856,0.017625619128711523,0.00031424998123696923,exp_8_1_ror_cosine_0.0_True_1.csv,exp_8_1_ror_cosine_0.0_True_1_results.json
8,1,ror,cosine,0.0,True,42,36,75,48.0,0.011389336880169632,0.0001875024150881366,0.010598289387148019,0.0005668253941271129,exp_8_1_ror_cosine_0.0_True_42.csv,exp_8_1_ror_cosine_0.0_True_42_results.json
8,1,ror,cosine,0.0,True,35,33,75,44.0,0.010958321028641027,0.00037959154466804534,0.006573771798547012,0.0006099851973414561,exp_8_1_ror_cosine_0.0_True_35.csv,exp_8_1_ror_cosine_0.0_True_35_results.json
8,1,ror,cosine,0.0,True,99,24,75,32.0,0.015817240003944688,0.00025384726641963784,0.015142540987380215,0.0002591326720958742,exp_8_1_ror_cosine_0.0_True_99.csv,exp_8_1_ror_cosine_0.0_True_99_results.json
8,1,ror,cosine,0.0,True,123,33,75,44.0,0.012431857093656684,0.0004859139026496262,0.017238296231733452,0.0001596487515334033,exp_8_1_ror_cosine_0.0_True_123.csv,exp_8_1_ror_cosine_0.0_True_123_results.json
8,1,ror,cosine,0.0,True,2024,23,75,30.666666666666668,0.03868572607191878,0.0005929854544096669,0.018638632826857182,0.00030621984177914285,exp_8_1_ror_cosine_0.0_True_2024.csv,exp_8_1_ror_cosine_0.0_True_2024_results.json
8,1,ror,cosine,0.5,False,1,29,75,38.666666666666664,0.007200360683677465,0.00028100452695134504,0.0030506559293234092,0.0003799666465351681,exp_8_1_ror_cosine_0.5_False_1.csv,exp_8_1_ror_cosine_0.5_False_1_results.json
8,1,ror,cosine,0.5,False,42,27,75,36.0,0.0036243466482365205,0.00030803186228145485,0.03909307177981547,0.0001409324016112823,exp_8_1_ror_cosine_0.5_False_42.csv,exp_8_1_ror_cosine_0.5_False_42_results.json
8,1,ror,cosine,0.5,False,35,27,75,36.0,0.006891870377095044,0.0005535241841118088,0.006753054123749602,0.0001911481849067309,exp_8_1_ror_cosine_0.5_False_35.csv,exp_8_1_ror_cosine_0.5_False_35_results.json
8,1,ror,cosine,0.5,False,99,24,75,32.0,0.00953017751499663,0.0003744364438131864,0.003833546711894842,0.00026355988842563516,exp_8_1_ror_cosine_0.5_False_99.csv,exp_8_1_ror_cosine_0.5_False_99_results.json
8,1,ror,cosine,0.5,False,123,24,75,32.0,0.01864045275206283,0.00026330925978745867,0.0073443389721528085,0.0002552283326541227,exp_8_1_ror_cosine_0.5_False_123.csv,exp_8_1_ror_cosine_0.5_False_123_results.json
8,1,ror,cosine,0.5,False,2024,25,75,33.333333333333336,0.011595567142412277,0.00047315698922412164,0.01473710354371538,0.00013170842466303512,exp_8_1_ror_cosine_0.5_False_2024.csv,exp_8_1_ror_cosine_0.5_False_2024_results.json
8,1,ror,cosine,0.5,True,1,33,75,44.0,0.009646660588756295,0.0001213104431581069,0.037805795913831486,0.00036400692445404115,exp_8_1_ror_cosine_0.5_True_1.csv,exp_8_1_ror_cosine_0.5_True_1_results.json
8,1,ror,cosine,0.5,True,42,39,75,52.0,0.010380206759484922,0.00019189776091710353,0.008808874000911127,0.00033836698115852215,exp_8_1_ror_cosine_0.5_True_42.csv,exp_8_1_ror_cosine_0.5_True_42_results.json
8,1,ror,cosine,0.5,True,35,40,75,53.333333333333336,0.012896815449278232,0.0003443331989386733,0.007207518162137605,0.0005239337845418524,exp_8_1_ror_cosine_0.5_True_35.csv,exp_8_1_ror_cosine_0.5_True_35_results.json
8,1,ror,cosine,0.5,True,99,23,75,30.666666666666668,0.014782097014117923,0.00014445131608908923,0.014738532089960898,0.00027236748240377917,exp_8_1_ror_cosine_0.5_True_99.csv,exp_8_1_ror_cosine_0.5_True_99_results.json
8,1,ror,cosine,0.5,True,123,38,75,50.666666666666664,0.0109689732634497,0.0003877155241507335,0.029776740365972776,0.00023186015893061906,exp_8_1_ror_cosine_0.5_True_123.csv,exp_8_1_ror_cosine_0.5_True_123_results.json
8,1,ror,cosine,0.5,True,2024,27,75,36.0,0.009483602929634793,0.00035945113678936824,0.044197015855694466,0.00013116611863328576,exp_8_1_ror_cosine_0.5_True_2024.csv,exp_8_1_ror_cosine_0.5_True_2024_results.json
8,1,ror,cosine,1.0,False,1,17,75,22.666666666666668,0.003498031884638264,0.00032071711091719024,0.00221705611791978,9.595585016353159e-05,exp_8_1_ror_cosine_1.0_False_1.csv,exp_8_1_ror_cosine_1.0_False_1_results.json
8,1,ror,cosine,1.0,False,42,25,75,33.333333333333336,0.0014811931207030504,0.0001352229088451562,0.007308879085661801,7.93628014843506e-05,exp_8_1_ror_cosine_1.0_False_42.csv,exp_8_1_ror_cosine_1.0_False_42_results.json
8,1,ror,cosine,1.0,False,35,26,75,34.666666666666664,0.0051490460550124295,0.00021051850359254942,0.001308900043735739,9.654610121967444e-05,exp_8_1_ror_cosine_1.0_False_35.csv,exp_8_1_ror_cosine_1.0_False_35_results.json
8,1,ror,cosine,1.0,False,99,26,75,34.666666666666664,0.0019489974245601172,0.00023633182738869163,0.004389697806927995,9.720668905788266e-05,exp_8_1_ror_cosine_1.0_False_99.csv,exp_8_1_ror_cosine_1.0_False_99_results.json
8,1,ror,cosine,1.0,False,123,24,75,32.0,0.0041639790331841064,0.00011751791969427661,0.004780336115800865,5.994640448381272e-05,exp_8_1_ror_cosine_1.0_False_123.csv,exp_8_1_ror_cosine_1.0_False_123_results.json
8,1,ror,cosine,1.0,False,2024,27,75,36.0,0.005276934199741956,0.0001652016062642092,0.006285429975027457,6.107703717417312e-05,exp_8_1_ror_cosine_1.0_False_2024.csv,exp_8_1_ror_cosine_1.0_False_2024_results.json
8,1,ror,cosine,1.0,True,1,35,75,46.666666666666664,0.012268995421116813,0.00018352724462089576,0.038424442233663925,0.00018216352561351012,exp_8_1_ror_cosine_1.0_True_1.csv,exp_8_1_ror_cosine_1.0_True_1_results.json
8,1,ror,cosine,1.0,True,42,35,75,46.666666666666664,0.013736176198599459,0.00011889153297894861,0.012037850237013314,0.0004512018614958313,exp_8_1_ror_cosine_1.0_True_42.csv,exp_8_1_ror_cosine_1.0_True_42_results.json
8,1,ror,cosine,1.0,True,35,40,75,53.333333333333336,0.019762820007886428,6.310292388422845e-05,0.027697970514246828,0.0006114186370143049,exp_8_1_ror_cosine_1.0_True_35.csv,exp_8_1_ror_cosine_1.0_True_35_results.json
8,1,ror,cosine,1.0,True,99,28,75,37.333333333333336,0.01050858048657699,6.268404302567365e-05,0.01854187497948301,0.0003076960964510933,exp_8_1_ror_cosine_1.0_True_99.csv,exp_8_1_ror_cosine_1.0_True_99_results.json
8,1,ror,cosine,1.0,True,123,35,75,46.666666666666664,0.011838387252377292,3.6663381448143184e-05,0.06265089929045953,9.258459642347283e-05,exp_8_1_ror_cosine_1.0_True_123.csv,exp_8_1_ror_cosine_1.0_True_123_results.json
8,1,ror,cosine,1.0,True,2024,30,75,40.0,0.018151430785220635,0.00026406664576683614,0.05714947821875438,3.8180520958164266e-05,exp_8_1_ror_cosine_1.0_True_2024.csv,exp_8_1_ror_cosine_1.0_True_2024_results.json
